<?xml version='1.0' encoding='UTF-8'?>
<!DOCTYPE hibernate-configuration PUBLIC "-//Hibernate/Hibernate Configuration DTD 3.0//EN" "http://hibernate.sourceforge.net/hibernate-configuration-3.0.dtd">

<hibernate-configuration>
    <session-factory>
		<!--
        <property name="connection.datasource">java:/SDK</property>
		-->
		
        <property name="connection.url"></property>
        <property name="connection.username"></property>
        <property name="connection.password"></property>
        <property name="connection.driver_class">com.mysql.jdbc.Driver</property>
        
		<property name="c3p0.max_size">10</property>
		<property name="c3p0.min_size">2</property>
		<property name="c3p0.timeout">5000</property>
		<property name="c3p0.max_statements">100</property>
		<property name="c3p0.idle_test_period">3000</property>
		<property name="c3p0.acquire_increment">2</property>
		<property name="c3p0.validate">false</property>
		
        <property name="dialect">org.hibernate.dialect.MySQLDialect</property>

        <mapping resource="gov/nih/nci/security/authorization/domainobjects/Privilege.hbm.xml"/>
        <mapping resource="gov/nih/nci/security/authorization/domainobjects/Application.hbm.xml"/>
        <mapping resource="gov/nih/nci/security/authorization/domainobjects/FilterClause.hbm.xml"/>
        <mapping resource="gov/nih/nci/security/authorization/domainobjects/Role.hbm.xml"/>
        <mapping resource="gov/nih/nci/security/dao/hibernate/RolePrivilege.hbm.xml"/>
        <mapping resource="gov/nih/nci/security/dao/hibernate/UserGroup.hbm.xml"/>
        <mapping resource="gov/nih/nci/security/dao/hibernate/ProtectionGroupProtectionElement.hbm.xml"/>     
        <mapping resource="gov/nih/nci/security/authorization/domainobjects/Group.hbm.xml"/>
        <mapping resource="gov/nih/nci/security/authorization/domainobjects/User.hbm.xml"/>
        <mapping resource="gov/nih/nci/security/authorization/domainobjects/ProtectionGroup.hbm.xml"/>
        <mapping resource="gov/nih/nci/security/authorization/domainobjects/ProtectionElement.hbm.xml"/>
        <mapping resource="gov/nih/nci/security/authorization/domainobjects/UserGroupRoleProtectionGroup.hbm.xml"/>
        <mapping resource="gov/nih/nci/security/authorization/domainobjects/UserProtectionElement.hbm.xml"/>
    </session-factory>
</hibernate-configuration>