<ns1:DomainModel projectShortName="phgrid" projectVersion="1.0" xmlns:ns1="gme://caGrid.caBIG/1.0/gov.nih.nci.cagrid.metadata.dataservice">
 <ns1:exposedUMLAssociationCollection/>
 <ns1:exposedUMLClassCollection>
  <ns1:UMLClass allowableAsTarget="true" className="VBR" id="EAID_597546EB_EEF4_4c9a_A089_EC0DFB93ACEA" packageName="utah.edu.phgrid" projectName="phgrid" projectVersion="1.0">
   <ns2:umlAttributeCollection xmlns:ns2="gme://caGrid.caBIG/1.0/gov.nih.nci.cagrid.metadata.common">
    <ns2:UMLAttribute dataTypeName="java.lang.String" name="caseDateBirth" publicID="1150214496" version="1.0"/>
    <ns2:UMLAttribute dataTypeName="java.lang.String" name="caseLocRecZip" publicID="1247078603" version="1.0"/>
    <ns2:UMLAttribute dataTypeName="int" name="caseSex" publicID="-112899632" version="1.0"/>
    <ns2:UMLAttribute dataTypeName="java.lang.String" name="fkIdRecNbr" publicID="-1135491107" version="1.0"/>
    <ns2:UMLAttribute dataTypeName="float" name="obsBirthWeightGr" publicID="-425836935" version="1.0"/>
    <ns2:UMLAttribute dataTypeName="int" name="obsGestationalAgeWk" publicID="502809151" version="1.0"/>
    <ns2:UMLAttribute dataTypeName="int" name="pkSysNbr" publicID="-1510605765" version="1.0"/>
   </ns2:umlAttributeCollection>
  </ns1:UMLClass>
  <ns1:UMLClass allowableAsTarget="true" className="UDAQ" id="EAID_C285B420_9AAE_4076_86FA_6A1D477AC9DA" packageName="utah.edu.phgrid" projectName="phgrid" projectVersion="1.0">
   <ns3:umlAttributeCollection xmlns:ns3="gme://caGrid.caBIG/1.0/gov.nih.nci.cagrid.metadata.common">
    <ns3:UMLAttribute dataTypeName="long" name="airsID" publicID="2121075107" version="1.0"/>
    <ns3:UMLAttribute dataTypeName="java.lang.String" name="dt" publicID="-212238641" version="1.0"/>
    <ns3:UMLAttribute dataTypeName="int" name="hr" publicID="1350747971" version="1.0"/>
    <ns3:UMLAttribute dataTypeName="int" name="id" publicID="-134722844" version="1.0"/>
    <ns3:UMLAttribute dataTypeName="int" name="nullCode" publicID="-1137194839" version="1.0"/>
    <ns3:UMLAttribute dataTypeName="int" name="parmID" publicID="612409068" version="1.0"/>
    <ns3:UMLAttribute dataTypeName="long" name="value" publicID="-388491056" version="1.0"/>
   </ns3:umlAttributeCollection>
  </ns1:UMLClass>
 </ns1:exposedUMLClassCollection>
 <ns1:umlGeneralizationCollection/>
</ns1:DomainModel>
