<ns1:ServiceMetadata xmlns:ns1="gme://caGrid.caBIG/1.0/gov.nih.nci.cagrid.metadata">
 <ns1:serviceDescription>
  <ns2:Service description="The DICOMDataService grid service, created with caGrid Introduce, version:1.0." name="DICOMDataService" version="1.0" xmlns:ns2="gme://caGrid.caBIG/1.0/gov.nih.nci.cagrid.metadata.service">
   <ns2:pointOfContactCollection>
    <ns3:PointOfContact affiliation="OSU" email="tpan@bmi.osu.edu" firstName="Tony" lastName="Pan" role="Developer" xmlns:ns3="gme://caGrid.caBIG/1.0/gov.nih.nci.cagrid.metadata.common"/>
   </ns2:pointOfContactCollection>
   <ns2:serviceContextCollection>
    <ns2:ServiceContext description="" name="DICOMDataService">
     <ns2:operationCollection>
      <ns2:Operation description="" name="getServiceSecurityMetadata">
       <ns2:inputParameterCollection/>
       <ns2:Output qName="ns4:ServiceSecurityMetadata" dimensionality="1" isArray="false" xmlns:ns4="gme://caGrid.caBIG/1.0/gov.nih.nci.cagrid.metadata.security"/>
       <ns2:faultCollection/>
      </ns2:Operation>
      <ns2:Operation description="" name="query">
       <ns2:inputParameterCollection>
        <ns2:InputParameter qName="ns5:CQLQuery" dimensionality="1" index="0" isArray="false" isRequired="false" name="cqlQuery" xmlns:ns5="http://CQL.caBIG/1/gov.nih.nci.cagrid.CQLQuery"/>
       </ns2:inputParameterCollection>
       <ns2:Output qName="ns6:CQLQueryResultCollection" dimensionality="1" isArray="false" xmlns:ns6="http://CQL.caBIG/1/gov.nih.nci.cagrid.CQLResultSet"/>
       <ns2:faultCollection>
        <ns2:Fault description="" name="QueryProcessingException"/>
        <ns2:Fault description="" name="MalformedQueryException"/>
       </ns2:faultCollection>
      </ns2:Operation>
      <ns2:Operation description="" name="enumerationQuery">
       <ns2:inputParameterCollection>
        <ns2:InputParameter qName="ns7:CQLQuery" dimensionality="1" index="0" isArray="false" isRequired="false" name="cqlQuery" xmlns:ns7="http://CQL.caBIG/1/gov.nih.nci.cagrid.CQLQuery"/>
       </ns2:inputParameterCollection>
       <ns2:Output qName="ns8:EnumerateResponse" dimensionality="1" isArray="false" xmlns:ns8="http://schemas.xmlsoap.org/ws/2004/09/enumeration"/>
       <ns2:faultCollection>
        <ns2:Fault description="" name="QueryProcessingException"/>
        <ns2:Fault description="" name="MalformedQueryException"/>
       </ns2:faultCollection>
      </ns2:Operation>
      <ns2:Operation description="" name="PullOp">
       <ns2:inputParameterCollection>
        <ns2:InputParameter qName="ns9:Pull" dimensionality="1" index="0" isArray="false" isRequired="false" name="pull" xmlns:ns9="http://schemas.xmlsoap.org/ws/2004/09/enumeration"/>
       </ns2:inputParameterCollection>
       <ns2:Output qName="ns10:PullResponse" dimensionality="1" isArray="false" xmlns:ns10="http://schemas.xmlsoap.org/ws/2004/09/enumeration"/>
       <ns2:faultCollection/>
      </ns2:Operation>
      <ns2:Operation description="" name="RenewOp">
       <ns2:inputParameterCollection>
        <ns2:InputParameter qName="ns11:Renew" dimensionality="1" index="0" isArray="false" isRequired="false" name="renew" xmlns:ns11="http://schemas.xmlsoap.org/ws/2004/09/enumeration"/>
       </ns2:inputParameterCollection>
       <ns2:Output qName="ns12:RenewResponse" dimensionality="1" isArray="false" xmlns:ns12="http://schemas.xmlsoap.org/ws/2004/09/enumeration"/>
       <ns2:faultCollection/>
      </ns2:Operation>
      <ns2:Operation description="" name="GetStatusOp">
       <ns2:inputParameterCollection>
        <ns2:InputParameter qName="ns13:GetStatus" dimensionality="1" index="0" isArray="false" isRequired="false" name="status" xmlns:ns13="http://schemas.xmlsoap.org/ws/2004/09/enumeration"/>
       </ns2:inputParameterCollection>
       <ns2:Output qName="ns14:GetStatusResponse" dimensionality="1" isArray="false" xmlns:ns14="http://schemas.xmlsoap.org/ws/2004/09/enumeration"/>
       <ns2:faultCollection/>
      </ns2:Operation>
      <ns2:Operation description="" name="ReleaseOp">
       <ns2:inputParameterCollection>
        <ns2:InputParameter qName="ns15:Release" dimensionality="1" index="0" isArray="false" isRequired="false" name="release" xmlns:ns15="http://schemas.xmlsoap.org/ws/2004/09/enumeration"/>
       </ns2:inputParameterCollection>
       <ns2:faultCollection/>
      </ns2:Operation>
      <ns2:Operation description="" name="retrieveWithGridFTP">
       <ns2:inputParameterCollection>
        <ns2:InputParameter qName="ns16:CQLQuery" dimensionality="1" index="0" isArray="false" isRequired="false" name="cQLQuery" xmlns:ns16="http://CQL.caBIG/1/gov.nih.nci.cagrid.CQLQuery"/>
       </ns2:inputParameterCollection>
       <ns2:Output qName="ns17:DICOMDataServiceBulkDataHandlerReference" dimensionality="1" isArray="false" xmlns:ns17="http://dicomdataservice.ivi.bmi.osu.edu/DICOMDataServiceBDT/types"/>
       <ns2:faultCollection/>
      </ns2:Operation>
     </ns2:operationCollection>
     <ns2:contextPropertyCollection>
      <ns2:ContextProperty description="" name="{gme://caGrid.caBIG/1.0/gov.nih.nci.cagrid.metadata}ServiceMetadata"/>
      <ns2:ContextProperty description="" name="{http://cagrid.nci.nih.gov/1/BulkDataTransferMetadata}BulkDataTransferMetadata"/>
      <ns2:ContextProperty description="" name="{gme://caGrid.caBIG/1.0/gov.nih.nci.cagrid.metadata.dataservice}DomainModel"/>
     </ns2:contextPropertyCollection>
    </ns2:ServiceContext>
    <ns2:ServiceContext description="" name="DICOMDataServiceBulkDataHandler">
     <ns2:operationCollection>
      <ns2:Operation description="" name="getServiceSecurityMetadata">
       <ns2:inputParameterCollection/>
       <ns2:Output qName="ns18:ServiceSecurityMetadata" dimensionality="1" isArray="false" xmlns:ns18="gme://caGrid.caBIG/1.0/gov.nih.nci.cagrid.metadata.security"/>
       <ns2:faultCollection/>
      </ns2:Operation>
      <ns2:Operation description="" name="PullOp">
       <ns2:inputParameterCollection>
        <ns2:InputParameter qName="ns19:Pull" dimensionality="1" index="0" isArray="false" isRequired="false" name="pull" xmlns:ns19="http://schemas.xmlsoap.org/ws/2004/09/enumeration"/>
       </ns2:inputParameterCollection>
       <ns2:Output qName="ns20:PullResponse" dimensionality="1" isArray="false" xmlns:ns20="http://schemas.xmlsoap.org/ws/2004/09/enumeration"/>
       <ns2:faultCollection/>
      </ns2:Operation>
      <ns2:Operation description="" name="RenewOp">
       <ns2:inputParameterCollection>
        <ns2:InputParameter qName="ns21:Renew" dimensionality="1" index="0" isArray="false" isRequired="false" name="renew" xmlns:ns21="http://schemas.xmlsoap.org/ws/2004/09/enumeration"/>
       </ns2:inputParameterCollection>
       <ns2:Output qName="ns22:RenewResponse" dimensionality="1" isArray="false" xmlns:ns22="http://schemas.xmlsoap.org/ws/2004/09/enumeration"/>
       <ns2:faultCollection/>
      </ns2:Operation>
      <ns2:Operation description="" name="GetStatusOp">
       <ns2:inputParameterCollection>
        <ns2:InputParameter qName="ns23:GetStatus" dimensionality="1" index="0" isArray="false" isRequired="false" name="status" xmlns:ns23="http://schemas.xmlsoap.org/ws/2004/09/enumeration"/>
       </ns2:inputParameterCollection>
       <ns2:Output qName="ns24:GetStatusResponse" dimensionality="1" isArray="false" xmlns:ns24="http://schemas.xmlsoap.org/ws/2004/09/enumeration"/>
       <ns2:faultCollection/>
      </ns2:Operation>
      <ns2:Operation description="" name="ReleaseOp">
       <ns2:inputParameterCollection>
        <ns2:InputParameter qName="ns25:Release" dimensionality="1" index="0" isArray="false" isRequired="false" name="release" xmlns:ns25="http://schemas.xmlsoap.org/ws/2004/09/enumeration"/>
       </ns2:inputParameterCollection>
       <ns2:faultCollection/>
      </ns2:Operation>
      <ns2:Operation description="" name="CreateEnumeration">
       <ns2:inputParameterCollection/>
       <ns2:Output qName="ns26:EnumerateResponse" dimensionality="1" isArray="false" xmlns:ns26="http://schemas.xmlsoap.org/ws/2004/09/enumeration"/>
       <ns2:faultCollection/>
      </ns2:Operation>
      <ns2:Operation description="" name="Get">
       <ns2:inputParameterCollection>
        <ns2:InputParameter qName="ns27:Empty" dimensionality="1" index="0" isArray="false" isRequired="false" name="empty" xmlns:ns27="http://www.globus.org/transfer"/>
       </ns2:inputParameterCollection>
       <ns2:Output qName="ns28:AnyXml" dimensionality="1" isArray="false" xmlns:ns28="http://www.globus.org/transfer"/>
       <ns2:faultCollection/>
      </ns2:Operation>
      <ns2:Operation description="" name="GetGridFTPURLs">
       <ns2:inputParameterCollection/>
       <ns2:Output qName="anyURI" dimensionality="1" isArray="true"/>
       <ns2:faultCollection/>
      </ns2:Operation>
      <ns2:Operation description="" name="Destroy">
       <ns2:inputParameterCollection/>
       <ns2:faultCollection/>
      </ns2:Operation>
      <ns2:Operation description="" name="SetTerminationTime">
       <ns2:inputParameterCollection/>
       <ns2:faultCollection/>
      </ns2:Operation>
      <ns2:Operation description="" name="newMethod">
       <ns2:inputParameterCollection/>
       <ns2:faultCollection/>
      </ns2:Operation>
     </ns2:operationCollection>
     <ns2:contextPropertyCollection/>
    </ns2:ServiceContext>
   </ns2:serviceContextCollection>
   <ns29:SemanticMetadata conceptCode="C63541" conceptDefinition="A service available on a system that coordinates resources that are not subject to central control, using open, general purpose protocols and interfaces to deliver nontrivial qualities of services." conceptName="Grid Service" order="0" xmlns:ns29="gme://caGrid.caBIG/1.0/gov.nih.nci.cagrid.metadata.common"/>
   <ns30:SemanticMetadata conceptCode="C63544" conceptDefinition="A web service which accepts as input a query targeted at a data resource addressable by the system and returns information to the client in the form of one or more data objects." conceptName="Data Grid Service" order="1" xmlns:ns30="gme://caGrid.caBIG/1.0/gov.nih.nci.cagrid.metadata.common"/>
  </ns2:Service>
 </ns1:serviceDescription>
 <ns1:hostingResearchCenter>
  <ns31:ResearchCenter displayName="Dept. of Biomedical Informatics, Ohio State University" shortName="Ohio State University" xmlns:ns31="gme://caGrid.caBIG/1.0/gov.nih.nci.cagrid.metadata.common">
   <ns31:Address country="US" postalCode="43210" street1="333 W. 10th Ave. Columbus"/>
   <ns31:pointOfContactCollection>
    <ns31:PointOfContact affiliation="OSU" email="tpan@bmi.osu.edu" firstName="Tony" lastName="Pan" role="Developer"/>
    <ns31:PointOfContact affiliation="OSU" email="ashish@bmi.osu.edu" firstName="Ashish" lastName="Sharma" role="Developer"/>
    <ns31:PointOfContact affiliation="OSU" email="barla@bmi.osu.edu" firstName="Berkant" lastName="Cambazoglu" role="Developer"/>
   </ns31:pointOfContactCollection>
  </ns31:ResearchCenter>
 </ns1:hostingResearchCenter>
</ns1:ServiceMetadata>
