<ns1:ServiceMetadata xmlns:ns1="gme://caGrid.caBIG/1.0/gov.nih.nci.cagrid.metadata">
 <ns1:serviceDescription>
  <ns2:Service description="" name="CredentialDelegationService" version="1.2" xmlns:ns2="gme://caGrid.caBIG/1.0/gov.nih.nci.cagrid.metadata.service">
   <ns2:pointOfContactCollection>
    <ns3:PointOfContact affiliation="NCICB" email="ncicb@pop.mail.nih.gov" firstName="NCICB" xmlns:ns3="gme://caGrid.caBIG/1.0/gov.nih.nci.cagrid.metadata.common"/>
   </ns2:pointOfContactCollection>
   <ns2:serviceContextCollection>
    <ns2:ServiceContext description="" name="CredentialDelegationService">
     <ns2:operationCollection>
      <ns2:Operation description="" name="getServiceSecurityMetadata">
       <ns2:inputParameterCollection/>
       <ns2:Output qName="ns4:ServiceSecurityMetadata" dimensionality="1" isArray="false" xmlns:ns4="gme://caGrid.caBIG/1.0/gov.nih.nci.cagrid.metadata.security"/>
       <ns2:faultCollection/>
      </ns2:Operation>
      <ns2:Operation description="" name="initiateDelegation">
       <ns2:inputParameterCollection>
        <ns2:InputParameter qName="ns5:DelegationRequest" dimensionality="1" index="0" isArray="false" isRequired="false" name="req" xmlns:ns5="http://gaards.cagrid.org/cds"/>
       </ns2:inputParameterCollection>
       <ns2:Output qName="ns6:DelegationSigningRequest" dimensionality="1" isArray="false" xmlns:ns6="http://gaards.cagrid.org/cds"/>
       <ns2:faultCollection>
        <ns2:Fault description="" name="CDSInternalFault"/>
        <ns2:Fault description="" name="InvalidPolicyFault"/>
        <ns2:Fault description="" name="DelegationFault"/>
        <ns2:Fault description="" name="PermissionDeniedFault"/>
       </ns2:faultCollection>
      </ns2:Operation>
      <ns2:Operation description="" name="approveDelegation">
       <ns2:inputParameterCollection>
        <ns2:InputParameter qName="ns7:DelegationSigningResponse" dimensionality="1" index="0" isArray="false" isRequired="false" name="delegationSigningResponse" xmlns:ns7="http://gaards.cagrid.org/cds"/>
       </ns2:inputParameterCollection>
       <ns2:Output qName="ns8:DelegatedCredentialReference" dimensionality="1" isArray="false" xmlns:ns8="http://cds.gaards.cagrid.org/CredentialDelegationService/DelegatedCredential/types"/>
       <ns2:faultCollection>
        <ns2:Fault description="" name="CDSInternalFault"/>
        <ns2:Fault description="" name="DelegationFault"/>
        <ns2:Fault description="" name="PermissionDeniedFault"/>
       </ns2:faultCollection>
      </ns2:Operation>
      <ns2:Operation description="" name="findDelegatedCredentials">
       <ns2:inputParameterCollection>
        <ns2:InputParameter qName="ns9:DelegationRecordFilter" dimensionality="1" index="0" isArray="false" isRequired="false" name="filter" xmlns:ns9="http://gaards.cagrid.org/cds"/>
       </ns2:inputParameterCollection>
       <ns2:Output qName="ns10:DelegationRecord" dimensionality="1" isArray="true" xmlns:ns10="http://gaards.cagrid.org/cds"/>
       <ns2:faultCollection>
        <ns2:Fault description="" name="CDSInternalFault"/>
        <ns2:Fault description="" name="PermissionDeniedFault"/>
       </ns2:faultCollection>
      </ns2:Operation>
      <ns2:Operation description="" name="updateDelegatedCredentialStatus">
       <ns2:inputParameterCollection>
        <ns2:InputParameter qName="ns11:DelegationIdentifier" dimensionality="1" index="0" isArray="false" isRequired="false" name="id" xmlns:ns11="http://gaards.cagrid.org/cds"/>
        <ns2:InputParameter qName="ns12:DelegationStatus" dimensionality="1" index="1" isArray="false" isRequired="false" name="status" xmlns:ns12="http://gaards.cagrid.org/cds"/>
       </ns2:inputParameterCollection>
       <ns2:faultCollection>
        <ns2:Fault description="" name="CDSInternalFault"/>
        <ns2:Fault description="" name="DelegationFault"/>
        <ns2:Fault description="" name="PermissionDeniedFault"/>
       </ns2:faultCollection>
      </ns2:Operation>
      <ns2:Operation description="" name="findCredentialsDelegatedToClient">
       <ns2:inputParameterCollection>
        <ns2:InputParameter qName="ns13:ClientDelegationFilter" dimensionality="1" index="0" isArray="false" isRequired="false" name="filter" xmlns:ns13="http://gaards.cagrid.org/cds"/>
       </ns2:inputParameterCollection>
       <ns2:Output qName="ns14:DelegationDescriptor" dimensionality="1" isArray="true" xmlns:ns14="http://gaards.cagrid.org/cds"/>
       <ns2:faultCollection>
        <ns2:Fault description="" name="CDSInternalFault"/>
        <ns2:Fault description="" name="PermissionDeniedFault"/>
       </ns2:faultCollection>
      </ns2:Operation>
      <ns2:Operation description="" name="searchDelegatedCredentialAuditLog">
       <ns2:inputParameterCollection>
        <ns2:InputParameter qName="ns15:DelegatedCredentialAuditFilter" dimensionality="1" index="0" isArray="false" isRequired="false" name="f" xmlns:ns15="http://gaards.cagrid.org/cds"/>
       </ns2:inputParameterCollection>
       <ns2:Output qName="ns16:DelegatedCredentialAuditRecord" dimensionality="1" isArray="true" xmlns:ns16="http://gaards.cagrid.org/cds"/>
       <ns2:faultCollection>
        <ns2:Fault description="" name="CDSInternalFault"/>
        <ns2:Fault description="" name="PermissionDeniedFault"/>
        <ns2:Fault description="" name="DelegationFault"/>
       </ns2:faultCollection>
      </ns2:Operation>
      <ns2:Operation description="" name="deleteDelegatedCredential">
       <ns2:inputParameterCollection>
        <ns2:InputParameter qName="ns17:DelegationIdentifier" dimensionality="1" index="0" isArray="false" isRequired="false" name="id" xmlns:ns17="http://gaards.cagrid.org/cds"/>
       </ns2:inputParameterCollection>
       <ns2:faultCollection>
        <ns2:Fault description="" name="CDSInternalFault"/>
        <ns2:Fault description="" name="PermissionDeniedFault"/>
       </ns2:faultCollection>
      </ns2:Operation>
      <ns2:Operation description="" name="addAdmin">
       <ns2:inputParameterCollection>
        <ns2:InputParameter qName="string" dimensionality="1" index="0" isArray="false" isRequired="false" name="gridIdentity"/>
       </ns2:inputParameterCollection>
       <ns2:faultCollection>
        <ns2:Fault description="" name="CDSInternalFault"/>
        <ns2:Fault description="" name="PermissionDeniedFault"/>
       </ns2:faultCollection>
      </ns2:Operation>
      <ns2:Operation description="" name="removeAdmin">
       <ns2:inputParameterCollection>
        <ns2:InputParameter qName="string" dimensionality="1" index="0" isArray="false" isRequired="false" name="gridIdentity"/>
       </ns2:inputParameterCollection>
       <ns2:faultCollection>
        <ns2:Fault description="" name="CDSInternalFault"/>
        <ns2:Fault description="" name="PermissionDeniedFault"/>
       </ns2:faultCollection>
      </ns2:Operation>
      <ns2:Operation description="" name="getAdmins">
       <ns2:inputParameterCollection/>
       <ns2:Output qName="string" dimensionality="1" isArray="true"/>
       <ns2:faultCollection>
        <ns2:Fault description="" name="CDSInternalFault"/>
        <ns2:Fault description="" name="PermissionDeniedFault"/>
       </ns2:faultCollection>
      </ns2:Operation>
     </ns2:operationCollection>
     <ns2:contextPropertyCollection>
      <ns2:ContextProperty description="" name="{gme://caGrid.caBIG/1.0/gov.nih.nci.cagrid.metadata}ServiceMetadata"/>
     </ns2:contextPropertyCollection>
    </ns2:ServiceContext>
    <ns2:ServiceContext description="" name="DelegatedCredential">
     <ns2:operationCollection>
      <ns2:Operation description="" name="getServiceSecurityMetadata">
       <ns2:inputParameterCollection/>
       <ns2:Output qName="ns18:ServiceSecurityMetadata" dimensionality="1" isArray="false" xmlns:ns18="gme://caGrid.caBIG/1.0/gov.nih.nci.cagrid.metadata.security"/>
       <ns2:faultCollection/>
      </ns2:Operation>
      <ns2:Operation description="" name="getDelegatedCredential">
       <ns2:inputParameterCollection>
        <ns2:InputParameter qName="ns19:PublicKey" dimensionality="1" index="0" isArray="false" isRequired="false" name="publicKey" xmlns:ns19="http://gaards.cagrid.org/cds"/>
       </ns2:inputParameterCollection>
       <ns2:Output qName="ns20:CertificateChain" dimensionality="1" isArray="false" xmlns:ns20="http://gaards.cagrid.org/cds"/>
       <ns2:faultCollection>
        <ns2:Fault description="" name="CDSInternalFault"/>
        <ns2:Fault description="" name="DelegationFault"/>
        <ns2:Fault description="" name="PermissionDeniedFault"/>
       </ns2:faultCollection>
      </ns2:Operation>
      <ns2:Operation description="" name="Destroy">
       <ns2:inputParameterCollection/>
       <ns2:faultCollection/>
      </ns2:Operation>
     </ns2:operationCollection>
     <ns2:contextPropertyCollection/>
    </ns2:ServiceContext>
   </ns2:serviceContextCollection>
   <ns21:SemanticMetadata conceptCode="C63541" conceptDefinition="A service available on a system that coordinates resources that are not subject to central control, using open, general purpose protocols and interfaces to deliver nontrivial qualities of services." conceptName="Grid Service" order="0" xmlns:ns21="gme://caGrid.caBIG/1.0/gov.nih.nci.cagrid.metadata.common"/>
   <ns22:SemanticMetadata conceptCode="C63543" conceptDefinition="A published API which receives data in the form of objects, performs computations based upon the input data, and returns information to a client via caGrid in the form of one or more objects." conceptName="Analytical Grid Service" order="1" xmlns:ns22="gme://caGrid.caBIG/1.0/gov.nih.nci.cagrid.metadata.common"/>
  </ns2:Service>
 </ns1:serviceDescription>
 <ns1:hostingResearchCenter>
  <ns23:ResearchCenter displayName="NCI" shortName="NCI" xmlns:ns23="gme://caGrid.caBIG/1.0/gov.nih.nci.cagrid.metadata.common">
   <ns23:Address country="USA" postalCode="20852" stateProvince="MD" street1="2115 East Jefferson Street #5000"/>
   <ns23:ResearchCenterDescription description="NCICB"/>
   <ns23:pointOfContactCollection/>
  </ns23:ResearchCenter>
 </ns1:hostingResearchCenter>
</ns1:ServiceMetadata>
