<ns1:CQLQuery xmlns:ns1="http://CQL.caBIG/1/gov.nih.nci.cagrid.CQLQuery">
 <ns1:Target name="gov.nih.nci.calab.domain.nano.particle.Nanoparticle">
  <ns1:Group logicRelation="AND">
   <ns1:Association name="gov.nih.nci.calab.domain.Source" roleName="source">
    <ns1:Attribute name="organizationName" predicate="EQUAL_TO" value="DNT"/>
   </ns1:Association>
   <ns1:Association name="gov.nih.nci.calab.domain.Keyword" roleName="keywordCollection">
    <ns1:Attribute name="name" predicate="EQUAL_TO" value="MAGNEVIST"/>
   </ns1:Association>
   <ns1:Attribute name="type" predicate="EQUAL_TO" value="Dendrimer"/>
  </ns1:Group>
 </ns1:Target>
</ns1:CQLQuery>
