<ns1:CQLQuery xmlns:ns1="http://CQL.caBIG/1/gov.nih.nci.cagrid.CQLQuery">
 <ns1:Target name="gov.nih.nci.cabio.domain.Library">
  <ns1:Group logicRelation="AND">
   <ns1:Association name="gov.nih.nci.cabio.domain.Tissue" roleName="tissue">
    <ns1:Group logicRelation="AND">
     <ns1:Attribute name="histology" predicate="EQUAL_TO" value="neoplasia"/>
     <ns1:Attribute name="organ" predicate="EQUAL_TO" value="lung"/>
    </ns1:Group>
   </ns1:Association>
  </ns1:Group>
 </ns1:Target>
 <ns1:QueryModifier countOnly="true"/>
</ns1:CQLQuery>
