<ns1:CQLQuery xmlns:ns1="http://CQL.caBIG/1/gov.nih.nci.cagrid.CQLQuery">
 <ns1:Target name="gov.nih.nci.cabio.domain.GeneOntology">
  <ns1:Group logicRelation="AND">
   <ns1:Association name="gov.nih.nci.cabio.domain.GeneOntologyRelationship" roleName="parentGeneOntologyRelationshipCollection">
    <ns1:Group logicRelation="AND">
     <ns1:Attribute name="bigid" predicate="EQUAL_TO" value="hdl://2500.1.PMEUQUCCL5/FD2G3AQNPV"/>
    </ns1:Group>
   </ns1:Association>
  </ns1:Group>
 </ns1:Target>
 <ns1:QueryModifier countOnly="true"/>
</ns1:CQLQuery>
