<ns1:CQLQuery xmlns:ns1="http://CQL.caBIG/1/gov.nih.nci.cagrid.CQLQuery">
 <ns1:Target name="gov.nih.nci.cabio.domain.Chromosome">
  <ns1:Group logicRelation="AND">
   <ns1:Association name="gov.nih.nci.cabio.domain.Taxon" roleName="taxon">
    <ns1:Group logicRelation="AND">
     <ns1:Attribute name="commonName" predicate="IS_NOT_NULL"/>
    </ns1:Group>
   </ns1:Association>
  </ns1:Group>
 </ns1:Target>
 <ns1:QueryModifier countOnly="false">
  <ns1:AttributeNames>id</ns1:AttributeNames>
  <ns1:AttributeNames>number</ns1:AttributeNames>
 </ns1:QueryModifier>
</ns1:CQLQuery>
