<ns1:CQLQuery xmlns:ns1="http://CQL.caBIG/1/gov.nih.nci.cagrid.CQLQuery">
 <ns1:Target name="gov.nih.nci.caarray.domain.data.DataRetrievalRequest">
  <ns1:Group logicRelation="AND">
   <ns1:Association name="gov.nih.nci.caarray.domain.hybridization.Hybridization" roleName="hybridizations">
    <ns1:Group logicRelation="AND">
     <ns1:Association name="gov.nih.nci.caarray.domain.project.FactorValue" roleName="factorValues">
      <ns1:Group logicRelation="AND">
       <ns1:Attribute name="value" predicate="LIKE" value="wild-type"/>
      </ns1:Group>
     </ns1:Association>
    </ns1:Group>
   </ns1:Association>
  </ns1:Group>
 </ns1:Target>
</ns1:CQLQuery>
