<ns1:CQLQuery xmlns:ns1="http://CQL.caBIG/1/gov.nih.nci.cagrid.CQLQuery">
 <ns1:Target name="gov.nih.nci.ncia.domain.Study"/>
 <ns1:QueryModifier countOnly="false">
  <ns1:AttributeNames>additionalPatientHistory</ns1:AttributeNames>
  <ns1:AttributeNames>admittingDiagnosesCodeSeq</ns1:AttributeNames>
  <ns1:AttributeNames>admittingDiagnosesDesc</ns1:AttributeNames>
  <ns1:AttributeNames>ageGroup</ns1:AttributeNames>
  <ns1:AttributeNames>id</ns1:AttributeNames>
  <ns1:AttributeNames>occupation</ns1:AttributeNames>
  <ns1:AttributeNames>patientAge</ns1:AttributeNames>
  <ns1:AttributeNames>patientSize</ns1:AttributeNames>
 </ns1:QueryModifier>
</ns1:CQLQuery>
