<ns1:CQLQuery xmlns:ns1="http://CQL.caBIG/1/gov.nih.nci.cagrid.CQLQuery">
 <ns1:Target name="gov.nih.nci.cabio.domain.Gene">
  <ns1:Group logicRelation="AND">
   <ns1:Attribute name="symbol" predicate="EQUAL_TO" value="brca1"/>
  </ns1:Group>
 </ns1:Target>
 <ns1:QueryModifier countOnly="false">
  <ns1:AttributeNames>clusterId</ns1:AttributeNames>
  <ns1:AttributeNames>fullName</ns1:AttributeNames>
  <ns1:AttributeNames>id</ns1:AttributeNames>
  <ns1:AttributeNames>symbol</ns1:AttributeNames>
 </ns1:QueryModifier>
</ns1:CQLQuery>
