<ns1:CQLQuery xmlns:ns1="http://CQL.caBIG/1/gov.nih.nci.cagrid.CQLQuery">
 <ns1:Target name="gov.nih.nci.ncia.domain.CTImage">
  <ns1:Group logicRelation="AND">
   <ns1:Association name="gov.nih.nci.ncia.domain.GeneralImage" roleName="generalImage">
    <ns1:Group logicRelation="AND">
     <ns1:Association name="gov.nih.nci.ncia.domain.Study" roleName="study">
      <ns1:Group logicRelation="AND">
       <ns1:Attribute name="studyDesc" predicate="LIKE" value="RIDER"/>
      </ns1:Group>
     </ns1:Association>
    </ns1:Group>
   </ns1:Association>
  </ns1:Group>
 </ns1:Target>
 <ns1:QueryModifier countOnly="true"/>
</ns1:CQLQuery>
