<ns1:CQLQuery xmlns:ns1="http://CQL.caBIG/1/gov.nih.nci.cagrid.CQLQuery">
 <ns1:Target name="gov.nih.nci.cabio.domain.Pathway">
  <ns1:Group logicRelation="AND">
   <ns1:Association name="gov.nih.nci.cabio.domain.Gene" roleName="geneCollection">
    <ns1:Group logicRelation="AND">
     <ns1:Association name="gov.nih.nci.cabio.domain.Protein" roleName="proteinCollection">
      <ns1:Group logicRelation="AND">
       <ns1:Association name="gov.nih.nci.cabio.domain.Taxon" roleName="taxonCollection">
        <ns1:Group logicRelation="AND">
         <ns1:Attribute name="scientificName" predicate="EQUAL_TO" value="Mus musculus"/>
        </ns1:Group>
       </ns1:Association>
      </ns1:Group>
     </ns1:Association>
    </ns1:Group>
   </ns1:Association>
  </ns1:Group>
 </ns1:Target>
 <ns1:QueryModifier countOnly="false">
  <ns1:AttributeNames>description</ns1:AttributeNames>
  <ns1:AttributeNames>id</ns1:AttributeNames>
  <ns1:AttributeNames>name</ns1:AttributeNames>
 </ns1:QueryModifier>
</ns1:CQLQuery>
