<ns1:CQLQuery xmlns:ns1="http://CQL.caBIG/1/gov.nih.nci.cagrid.CQLQuery">
 <ns1:Target name="gov.nih.nci.ctom.domain.LesionDescription">
  <ns1:Group logicRelation="AND">
   <ns1:Attribute name="xDimension" predicate="IS_NOT_NULL"/>
  </ns1:Group>
 </ns1:Target>
 <ns1:QueryModifier countOnly="false">
  <ns1:AttributeNames>xDimension</ns1:AttributeNames>
  <ns1:AttributeNames>yDimension</ns1:AttributeNames>
  <ns1:AttributeNames>zDimension</ns1:AttributeNames>
 </ns1:QueryModifier>
</ns1:CQLQuery>
