<ns1:ServiceMetadata xmlns:ns1="gme://caGrid.caBIG/1.0/gov.nih.nci.cagrid.metadata">
 <ns1:serviceDescription>
  <ns2:Service description="The ImageDataService grid service, created with caGrid Introduce, version:1.0." name="ImageDataService" version="1.0" xmlns:ns2="gme://caGrid.caBIG/1.0/gov.nih.nci.cagrid.metadata.service">
   <ns2:pointOfContactCollection>
    <ns3:PointOfContact affiliation="OSU" email="tpan@bmi.osu.edu" firstName="Tony" lastName="Pan" role="Developer" xmlns:ns3="gme://caGrid.caBIG/1.0/gov.nih.nci.cagrid.metadata.common"/>
   </ns2:pointOfContactCollection>
   <ns2:serviceContextCollection>
    <ns2:ServiceContext description="" name="ImageDataService">
     <ns2:operationCollection>
      <ns2:Operation description="" name="getServiceSecurityMetadata">
       <ns2:inputParameterCollection/>
       <ns2:Output qName="ns4:ServiceSecurityMetadata" dimensionality="1" isArray="false" xmlns:ns4="gme://caGrid.caBIG/1.0/gov.nih.nci.cagrid.metadata.security"/>
       <ns2:faultCollection/>
      </ns2:Operation>
      <ns2:Operation description="" name="query">
       <ns2:inputParameterCollection>
        <ns2:InputParameter qName="ns5:CQLQuery" dimensionality="1" index="0" isArray="false" isRequired="false" name="cqlQuery" xmlns:ns5="http://CQL.caBIG/1/gov.nih.nci.cagrid.CQLQuery"/>
       </ns2:inputParameterCollection>
       <ns2:Output qName="ns6:CQLQueryResultCollection" dimensionality="1" isArray="false" xmlns:ns6="http://CQL.caBIG/1/gov.nih.nci.cagrid.CQLResultSet"/>
       <ns2:faultCollection>
        <ns2:Fault description="" name="QueryProcessingException"/>
        <ns2:Fault description="" name="MalformedQueryException"/>
       </ns2:faultCollection>
      </ns2:Operation>
      <ns2:Operation description="" name="submit">
       <ns2:inputParameterCollection>
        <ns2:InputParameter qName="ns7:ImageTile" dimensionality="1" index="0" isArray="true" isRequired="false" name="imageTile" xmlns:ns7="gme://cagrid.bmi.osu.edu/2/GenericImage"/>
       </ns2:inputParameterCollection>
       <ns2:faultCollection/>
      </ns2:Operation>
     </ns2:operationCollection>
     <ns2:contextPropertyCollection>
      <ns2:ContextProperty description="" name="{gme://caGrid.caBIG/1.0/gov.nih.nci.cagrid.metadata}ServiceMetadata"/>
      <ns2:ContextProperty description="" name="{gme://caGrid.caBIG/1.0/gov.nih.nci.cagrid.metadata.dataservice}DomainModel"/>
     </ns2:contextPropertyCollection>
    </ns2:ServiceContext>
   </ns2:serviceContextCollection>
   <ns8:SemanticMetadata conceptCode="C63541" conceptDefinition="A service available on a system that coordinates resources that are not subject to central control, using open, general purpose protocols and interfaces to deliver nontrivial qualities of services." conceptName="Grid Service" order="0" xmlns:ns8="gme://caGrid.caBIG/1.0/gov.nih.nci.cagrid.metadata.common"/>
   <ns9:SemanticMetadata conceptCode="C63544" conceptDefinition="A web service which accepts as input a query targeted at a data resource addressable by the system and returns information to the client in the form of one or more data objects." conceptName="Data Grid Service" order="1" xmlns:ns9="gme://caGrid.caBIG/1.0/gov.nih.nci.cagrid.metadata.common"/>
  </ns2:Service>
 </ns1:serviceDescription>
 <ns1:hostingResearchCenter>
  <ns10:ResearchCenter displayName="Dept. of Biomedical Informatics, Ohio State University" shortName="Ohio State University" xmlns:ns10="gme://caGrid.caBIG/1.0/gov.nih.nci.cagrid.metadata.common">
   <ns10:Address country="US" postalCode="43210" street1="333 W. 10th Ave. Columbus"/>
   <ns10:pointOfContactCollection>
    <ns10:PointOfContact affiliation="OSU" email="tpan@bmi.osu.edu" firstName="Tony" lastName="Pan" role="Developer"/>
    <ns10:PointOfContact affiliation="OSU" email="ashish@bmi.osu.edu" firstName="Ashish" lastName="Sharma" role="Developer"/>
    <ns10:PointOfContact affiliation="OSU" email="barla@bmi.osu.edu" firstName="Berkant" lastName="Cambazoglu" role="Developer"/>
   </ns10:pointOfContactCollection>
  </ns10:ResearchCenter>
 </ns1:hostingResearchCenter>
</ns1:ServiceMetadata>
