<ns1:ServiceMetadata xmlns:ns1="gme://caGrid.caBIG/1.0/gov.nih.nci.cagrid.metadata">
 <ns1:serviceDescription>
  <ns2:Service description="The caGrid Federated Query Infrastructure provides a mechanism to perform basic distributed aggregations and joins of queries over multiple data services." name="FederatedQueryProcessor" version="1.0" xmlns:ns2="gme://caGrid.caBIG/1.0/gov.nih.nci.cagrid.metadata.service">
   <ns2:pointOfContactCollection>
    <ns3:PointOfContact affiliation="OSU" email="oster@bmi.osu.edu" firstName="Scott" lastName="Oster" role="Developer" xmlns:ns3="gme://caGrid.caBIG/1.0/gov.nih.nci.cagrid.metadata.common"/>
   </ns2:pointOfContactCollection>
   <ns2:serviceContextCollection>
    <ns2:ServiceContext description="The main query service." name="FederatedQueryProcessor">
     <ns2:operationCollection>
      <ns2:Operation description="Returns the service's security metadata" name="getServiceSecurityMetadata">
       <ns2:inputParameterCollection/>
       <ns2:Output qName="ns4:ServiceSecurityMetadata" dimensionality="1" isArray="false" xmlns:ns4="gme://caGrid.caBIG/1.0/gov.nih.nci.cagrid.metadata.security"/>
       <ns2:faultCollection/>
      </ns2:Operation>
      <ns2:Operation description="Executes the given DCQL query and returns the results as standard data service results." name="executeAndAggregateResults">
       <ns2:inputParameterCollection>
        <ns2:InputParameter qName="ns5:DCQLQuery" dimensionality="1" index="0" isArray="false" isRequired="false" name="query" xmlns:ns5="http://caGrid.caBIG/1.0/gov.nih.nci.cagrid.dcql"/>
       </ns2:inputParameterCollection>
       <ns2:Output qName="ns6:CQLQueryResultCollection" dimensionality="1" isArray="false" xmlns:ns6="http://CQL.caBIG/1/gov.nih.nci.cagrid.CQLResultSet"/>
       <ns2:faultCollection>
        <ns2:Fault description="Indicates an error occured processing the query." name="FederatedQueryProcessingFault"/>
       </ns2:faultCollection>
      </ns2:Operation>
      <ns2:Operation description="Executes the specified DCQL query, blocking until completion." name="execute">
       <ns2:inputParameterCollection>
        <ns2:InputParameter qName="ns7:DCQLQuery" dimensionality="1" index="0" isArray="false" isRequired="false" name="query" xmlns:ns7="http://caGrid.caBIG/1.0/gov.nih.nci.cagrid.dcql"/>
       </ns2:inputParameterCollection>
       <ns2:Output qName="ns8:DCQLQueryResultsCollection" dimensionality="1" isArray="false" xmlns:ns8="http://caGrid.caBIG/1.0/gov.nih.nci.cagrid.dcqlresult"/>
       <ns2:faultCollection>
        <ns2:Fault description="Indicates an error occured processing the query." name="FederatedQueryProcessingFault"/>
       </ns2:faultCollection>
      </ns2:Operation>
      <ns2:Operation description="Executes the specified DCQL query, and returns a reference to the query result resource." name="executeAsynchronously">
       <ns2:inputParameterCollection>
        <ns2:InputParameter qName="ns9:DCQLQuery" dimensionality="1" index="0" isArray="false" isRequired="false" name="query" xmlns:ns9="http://caGrid.caBIG/1.0/gov.nih.nci.cagrid.dcql"/>
       </ns2:inputParameterCollection>
       <ns2:Output qName="ns10:FederatedQueryResultsReference" dimensionality="1" isArray="false" xmlns:ns10="http://fqp.cagrid.nci.nih.gov/FederatedResults/types"/>
       <ns2:faultCollection/>
      </ns2:Operation>
     </ns2:operationCollection>
     <ns2:contextPropertyCollection>
      <ns2:ContextProperty description="caGrid standard service metadata" name="{gme://caGrid.caBIG/1.0/gov.nih.nci.cagrid.metadata}ServiceMetadata"/>
     </ns2:contextPropertyCollection>
    </ns2:ServiceContext>
    <ns2:ServiceContext description="The resource-qualified results service." name="FederatedQueryResults">
     <ns2:operationCollection>
      <ns2:Operation description="Returns the results of the query managed by this resource" name="getResults">
       <ns2:inputParameterCollection/>
       <ns2:Output qName="ns11:DCQLQueryResultsCollection" dimensionality="1" isArray="false" xmlns:ns11="http://caGrid.caBIG/1.0/gov.nih.nci.cagrid.dcqlresult"/>
       <ns2:faultCollection>
        <ns2:Fault description="Indicates the query has not yet completed." name="ProcessingNotCompleteFault"/>
        <ns2:Fault description="Indicates an error occured processing the query." name="FederatedQueryProcessingFault"/>
        <ns2:Fault description="Indicates an unrecoverable internal error." name="InternalErrorFault"/>
       </ns2:faultCollection>
      </ns2:Operation>
      <ns2:Operation description="Returns the service's secuirty metadata" name="getServiceSecurityMetadata">
       <ns2:inputParameterCollection/>
       <ns2:Output qName="ns12:ServiceSecurityMetadata" dimensionality="1" isArray="false" xmlns:ns12="gme://caGrid.caBIG/1.0/gov.nih.nci.cagrid.metadata.security"/>
       <ns2:faultCollection/>
      </ns2:Operation>
      <ns2:Operation description="Indicates whether or not the query processing is complete; until this is true, getResults cannot be excecuted." name="isProcessingComplete">
       <ns2:inputParameterCollection/>
       <ns2:Output qName="boolean" dimensionality="1" isArray="false"/>
       <ns2:faultCollection/>
      </ns2:Operation>
      <ns2:Operation description="Destroys this resource and its corresponding query results (standard ws-lifetime operation)." name="Destroy">
       <ns2:inputParameterCollection/>
       <ns2:faultCollection/>
      </ns2:Operation>
      <ns2:Operation description="Schedules this destruction of this resource (standard ws-lifetime operation)." name="SetTerminationTime">
       <ns2:inputParameterCollection/>
       <ns2:faultCollection/>
      </ns2:Operation>
     </ns2:operationCollection>
     <ns2:contextPropertyCollection>
      <ns2:ContextProperty description="The current time as believed by this service; should be consulted before setting a termnination time (standard ws-lifetime property)." name="{http://docs.oasis-open.org/wsrf/2004/06/wsrf-WS-ResourceLifetime-1.2-draft-01.xsd}CurrentTime"/>
      <ns2:ContextProperty description="The scheduled termination time of this resource (standard ws-lifetime property)" name="{http://docs.oasis-open.org/wsrf/2004/06/wsrf-WS-ResourceLifetime-1.2-draft-01.xsd}TerminationTime"/>
     </ns2:contextPropertyCollection>
    </ns2:ServiceContext>
   </ns2:serviceContextCollection>
   <ns13:SemanticMetadata conceptCode="C63541" conceptDefinition="A service available on a system that coordinates resources that are not subject to central control, using open, general purpose protocols and interfaces to deliver nontrivial qualities of services." conceptName="Grid Service" order="0" xmlns:ns13="gme://caGrid.caBIG/1.0/gov.nih.nci.cagrid.metadata.common"/>
   <ns14:SemanticMetadata conceptCode="C63543" conceptDefinition="A published API which receives data in the form of objects, performs computations based upon the input data, and returns information to a client via caGrid in the form of one or more objects." conceptName="Analytical Grid Service" order="1" xmlns:ns14="gme://caGrid.caBIG/1.0/gov.nih.nci.cagrid.metadata.common"/>
  </ns2:Service>
 </ns1:serviceDescription>
 <ns1:hostingResearchCenter>
  <ns15:ResearchCenter displayName=" NCI Center for Biomedical Informatics and Information Technology " shortName="CBIIT" xmlns:ns15="gme://caGrid.caBIG/1.0/gov.nih.nci.cagrid.metadata.common">
   <ns15:Address country="US" locality="Rockville" postalCode="20852" stateProvince="MD" street1="2115 East Jefferson Street - Suite 5000"/>
   <ns15:pointOfContactCollection>
    <ns15:PointOfContact affiliation="NCICB Application Support" email="ncicbmb@mail.nih.gov" firstName="" lastName="" role="maintainer"/>
   </ns15:pointOfContactCollection>
  </ns15:ResearchCenter>
 </ns1:hostingResearchCenter>
</ns1:ServiceMetadata>
